0,บอกร้านที่ขายน้ำหวานทั้งหมด,น้ำหวาน
0,ร้านน้ำหวานมีที่ไหนบ้าง,น้ำหวาน
0,ร้านที่ขายน้ำหวานอยู่ตรงไหนบ้าง,น้ำหวาน
0,อยากกินน้ำหวาน มีอยู่ตรงไหน,น้ำหวาน
0,ซื้อน้ำหวานที่ไหนได้บ้าง,น้ำหวาน
0,บอกร้านที่ขายชาเย็นทั้งหมด,น้ำหวาน
0,ร้านชาเย็นมีที่ไหนบ้าง,น้ำหวาน
0,ร้านที่ขายชาเย็นอยู่ตรงไหนบ้าง,น้ำหวาน
0,อยากกินชาเย็น มีอยู่ตรงไหน,น้ำหวาน
0,ซื้อชาเย็นที่ไหนได้บ้าง,น้ำหวาน
0,บอกร้านที่ขายชาเขียวทั้งหมด,น้ำหวาน
0,ร้านชาเขียวมีที่ไหนบ้าง,น้ำหวาน
0,ร้านที่ขายชาเขียวอยู่ตรงไหนบ้าง,น้ำหวาน
0,อยากกินชาเขียวมีอยู่ตรงไหน,น้ำหวาน
0,ซื้อชาเขียวที่ไหนได้บ้าง,น้ำหวาน
0,บอกร้านที่ขายโกโก้ทั้งหมด,น้ำหวาน
0,ร้านโกโก้มีที่ไหนบ้าง,น้ำหวาน
0,ร้านที่ขายโกโก้อยู่ตรงไหนบ้าง,น้ำหวาน
0,อยากกินโกโก้ มีอยู่ตรงไหน,น้ำหวาน
0,ซื้อโกโก้ที่ไหนได้บ้าง,น้ำหวาน
0,บอกร้านที่ขายน้ำปั่นทั้งหมด,น้ำหวาน
0,ร้านน้ำปั่นมีที่ไหนบ้าง,น้ำหวาน
0,ร้านที่ขายน้ำปั่นอยู่ตรงไหนบ้าง,น้ำหวาน
0,อยากกินน้ำปั่น มีอยู่ตรงไหน,น้ำหวาน
0,ซื้อน้ำปั่นที่ไหนได้บ้าง,น้ำหวาน
0,บอกร้านที่ขายชานมไข่มุกทั้งหมด,น้ำหวาน
0,ร้านชานมไข่มุกมีที่ไหนบ้าง,น้ำหวาน
0,ร้านที่ขายชานมไข่มุกอยู่ตรงไหนบ้าง,น้ำหวาน
0,อยากกินชานมไข่มุก มีอยู่ตรงไหน,น้ำหวาน
0,ซื้อชานมไข่มุกที่ไหนได้บ้าง,น้ำหวาน
0,บอกร้านที่ขายชามะนาวทั้งหมด,น้ำหวาน
0,ร้านชามะนาวมีที่ไหนบ้าง,น้ำหวาน
0,ร้านที่ขายชามะนาวอยู่ตรงไหนบ้าง,น้ำหวาน
0,อยากกินชามะนาว มีอยู่ตรงไหน,น้ำหวาน
0,ซื้อชามะนาวที่ไหนได้บ้าง,น้ำหวาน
0,บอกร้านที่ขายนมหมีปั่นทั้งหมด,น้ำหวาน
0,ร้านนมหมีปั่นมีที่ไหนบ้าง,น้ำหวาน
0,ร้านที่ขายนมหมีปั่นตรงไหนบ้าง,น้ำหวาน
0,อยากกินนมหมีปั่น มีอยู่ตรงไหน,น้ำหวาน
0,ซื้อนมหมีปั่นที่ไหนได้บ้าง,น้ำหวาน
0,บอกร้านที่ขายนมปั่นทั้งหมด,น้ำหวาน
0,ร้านนมปั่นมีที่ไหนบ้าง,น้ำหวาน
0,ร้านที่ขายนมปั่นอยู่ตรงไหนบ้าง,น้ำหวาน
0,อยากกินนมปั่น มีอยู่ตรงไหน,น้ำหวาน
0,ซื้อนมปั่นที่ไหนได้บ้าง,น้ำหวาน
0,บอกร้านที่ขายชามะลิทั้งหมด,น้ำหวาน
0,ร้านชามะลิมีที่ไหนบ้าง,น้ำหวาน
0,ร้านที่ขายชามะลิอยู่ตรงไหนบ้าง,น้ำหวาน
0,อยากกินชามะลิ มีอยู่ตรงไหน,น้ำหวาน
0,ซื้อชามะลิที่ไหนได้บ้าง,น้ำหวาน
0,บอกร้านที่ขายโอริโอ้ปั่นทั้งหมด,น้ำหวาน
0,ร้านโอริโอ้ปั่นมีที่ไหนบ้าง,น้ำหวาน
0,ร้านที่ขายโอริโอ้ปั่นอยู่ตรงไหนบ้าง,น้ำหวาน
0,อยากกินโอริโอ้ปั่น มีอยู่ตรงไหน,น้ำหวาน
0,ซื้อโอริโอ้ปั่นที่ไหนได้บ้าง,น้ำหวาน
0,บอกร้านที่ขายมิ้นช็อกทั้งหมด,น้ำหวาน
0,ร้านมิ้นช็อกมีที่ไหนบ้าง,น้ำหวาน
0,ร้านที่ขายมิ้นช็อกอยู่ตรงไหนบ้าง,น้ำหวาน
0,อยากกินมิ้นช็อก มีอยู่ตรงไหน,น้ำหวาน
0,ซื้อมิ้นช็อกที่ไหนได้บ้าง,น้ำหวาน
0,น้ำหวานที่ไหนอร่อย,น้ำหวาน
0,แนะนำร้านน้ำหวาน,น้ำหวาน
0,น้ำหวานร้านเด็ด,น้ำหวาน
0,ชาเย็นที่ไหนอร่อย,น้ำหวาน
0,แนะนำร้านชาเย็น,น้ำหวาน
0,ชาเย็นร้านเด็ด,น้ำหวาน
0,ชาเขียวที่ไหนอร่อย,น้ำหวาน
0,แนะนำร้านชาเขียว,น้ำหวาน
0,ชาเขียวร้านเด็ด,น้ำหวาน
0,โกโก้ที่ไหนอร่อย,น้ำหวาน
0,แนะนำร้านโกโก้,น้ำหวาน
0,โกโก้ร้านเด็ด,น้ำหวาน
0,น้ำปั่นที่ไหนอร่อย,น้ำหวาน
0,แนะนำร้านน้ำปั่น,น้ำหวาน
0,น้ำปั่นร้านเด็ด,น้ำหวาน
0,ชานมไข่มุกที่ไหนอร่อย,น้ำหวาน
0,แนะนำร้านชานมไข่มุก,น้ำหวาน
0,ชานมไข่มุกร้านเด็ด,น้ำหวาน
0,ชามะนาวที่ไหนอร่อย,น้ำหวาน
0,แนะนำร้านชามะนาว,น้ำหวาน
0,ชามะนาวมุกร้านเด็ด,น้ำหวาน
0,นมหมีปั่นที่ไหนอร่อย,น้ำหวาน
0,แนะนำร้านนมหมีปั่น,น้ำหวาน
0,นมหมีปั่นมุกร้านเด็ด,น้ำหวาน
0,นมปั่นที่ไหนอร่อย,น้ำหวาน
0,แนะนำร้านนมปั่น,น้ำหวาน
0,นมปั่นมุกร้านเด็ด,น้ำหวาน
0,ชามะลิที่ไหนอร่อย,น้ำหวาน
0,แนะนำร้านชามะลิ,น้ำหวาน
0,ชามะลิร้านเด็ด,น้ำหวาน
0,โอริโอ้ปั่นที่ไหนอร่อย,น้ำหวาน
0,แนะนำร้านโอริโอ้ปั่น,น้ำหวาน
0,โอริโอ้ปั่นร้านเด็ด,น้ำหวาน
0,มิ้นช็อกที่ไหนอร่อย,น้ำหวาน
0,แนะนำร้านมิ้นช็อก,น้ำหวาน
0,มิ้นช็อกร้านเด็ด,น้ำหวาน
0,ไมโลที่ไหนอร่อย,น้ำหวาน
0,แนะนำร้านไมโล,น้ำหวาน
0,ไมโลช็อกร้านเด็ด,น้ำหวาน
0,โอวัลตินที่ไหนอร่อย,น้ำหวาน
0,แนะนำร้านโอวัลติน,น้ำหวาน
0,โอวัลตินช็อกร้านเด็ด,น้ำหวาน
0,ร้านน้ำสมุนไพรมีที่ไหนบ้าง,น้ำสมุนไพร
0,ร้านที่ขายน้ำสมุนไพรอยู่ตรงไหนบ้าง,น้ำสมุนไพร
0,อยากกินน้ำสมุนไพร มีอยู่ตรงไหน,น้ำสมุนไพร
0,ซื้อน้ำสมุนไพรที่ไหนได้บ้าง,น้ำสมุนไพร
0,บอกร้านที่ขายน้ำเก๊กฮวยทั้งหมด,น้ำสมุนไพร
0,ร้านน้ำเก๊กฮวยมีที่ไหนบ้าง,น้ำสมุนไพร
0,ร้านที่ขายน้ำเก๊กฮวยอยู่ตรงไหนบ้าง,น้ำสมุนไพร
0,อยากกินน้ำเก๊กฮวย มีอยู่ตรงไหน,น้ำสมุนไพร
0,ซื้อน้ำเก๊กฮวยที่ไหนได้บ้าง,น้ำสมุนไพร
0,บอกร้านที่ขายน้ำกระเจี๊ยบทั้งหมด,น้ำสมุนไพร
0,ร้านน้ำกระเจี๊ยบมีที่ไหนบ้าง,น้ำสมุนไพร
0,ร้านที่ขายน้ำกระเจี๊ยบอยู่ตรงไหนบ้าง,น้ำสมุนไพร
0,อยากกินน้ำกระเจี๊ยบ มีอยู่ตรงไหน,น้ำสมุนไพร
0,ซื้อน้ำน้ำกระเจี๊ยบที่ไหนได้บ้าง,น้ำสมุนไพร
0,บอกร้านที่ขายน้ำอันชัญมะนาวทั้งหมด,น้ำสมุนไพร
0,ร้านน้ำญชันมะนาวมีที่ไหนบ้าง,น้ำสมุนไพร
0,ร้านที่ขายน้ำอัญชันมะนาวอยู่ตรงไหนบ้าง,น้ำสมุนไพร
0,อยากกินน้ำอัญชันมะนาว มีอยู่ตรงไหน,น้ำสมุนไพร
0,ซื้อน้ำอัญชันมะนาวที่ไหนได้บ้าง,น้ำสมุนไพร
0,บอกร้านที่ขายน้ำมะตูมทั้งหมด,น้ำสมุนไพร
0,ร้านน้ำมะตูมมีที่ไหนบ้าง,น้ำสมุนไพร
0,ร้านที่ขายน้ำมะตูมอยู่ตรงไหนบ้าง,น้ำสมุนไพร
0,อยากกินน้ำมะตูม มีอยู่ตรงไหน,น้ำสมุนไพร
0,ซื้อน้ำมะตูมที่ไหนได้บ้าง,น้ำสมุนไพร
0,บอกร้านที่ขายน้ำส้มปั่นทั้งหมด,น้ำผลไม้
0,ร้านน้ำส้มปั่นมีที่ไหนบ้าง,น้ำผลไม้
0,ร้านที่ขายน้ำส้มปั่นอยู่ตรงไหนบ้าง,น้ำผลไม้
0,อยากกินน้ำส้มปั่น มีอยู่ตรงไหน,น้ำผลไม้
0,ซื้อน้ำส้มปั่นที่ไหนได้บ้าง,น้ำผลไม้
0,ซื้อน้ำส้มปั่นที่ไหนได้บ้าง,น้ำผลไม้
0,บอกร้านที่ขายน้ำมะนาวทั้งหมด,น้ำผลไม้
0,ร้านน้ำมะนาวมีที่ไหนบ้าง,น้ำผลไม้
0,ร้านที่ขายน้ำมะนาวอยู่ตรงไหนบ้าง,น้ำผลไม้
0,อยากกินน้ำมะนาว มีอยู่ตรงไหน,น้ำผลไม้
0,บอกร้านที่ขายน้ำมะนาวปั่นทั้งหมด,น้ำผลไม้
0,ร้านน้ำมะนาวปั่นมีที่ไหนบ้าง,น้ำผลไม้
0,ร้านที่ขายน้ำมะนาวปั่นอยู่ตรงไหนบ้าง,น้ำผลไม้
0,อยากกินน้ำมะนาวปั่น มีอยู่ตรงไหน,น้ำผลไม้
0,ซื้อน้ำมะนาวปั่นที่ไหนได้บ้าง,น้ำผลไม้
0,อยากกินน้ำสับปะรด มีอยู่ตรงไหน,น้ำผลไม้
0,ซื้อน้ำสับปะรดที่ไหนได้บ้าง,น้ำผลไม้
0,บอกร้านที่ขายน้ำฟรุตพั้นช์ทั้งหมด,น้ำผลไม้
0,ร้านน้ำฟรุตพั้นช์มีที่ไหนบ้าง,น้ำผลไม้
0,ร้านที่ขายน้ำฟรุตพั้นช์อยู่ตรงไหนบ้าง,น้ำผลไม้
0,อยากกินน้ำฟรุตพั้นช์ มีอยู่ตรงไหน,น้ำผลไม้
0,ซื้อน้ำฟรุตพั้นช์ที่ไหนได้บ้าง,น้ำผลไม้
0,บอกร้านที่ขายน้ำลำไยทั้งหมด,น้ำผลไม้
0,ร้านน้ำลำไยมีที่ไหนบ้าง,น้ำผลไม้
0,ร้านที่ขายน้ำลำไยอยู่ตรงไหนบ้าง,น้ำผลไม้
0,อยากกินน้ำลำไย มีอยู่ตรงไหน,น้ำผลไม้
0,ซื้อน้ำลำไยที่ไหนได้บ้าง,น้ำผลไม้
0,บอกร้านที่ขายน้ำมะพร้าวทั้งหมด,น้ำผลไม้
0,ร้านน้ำมะพร้าวมีที่ไหนบ้าง,น้ำผลไม้
0,ร้านที่ขายน้ำมะพร้าวอยู่ตรงไหนบ้าง,น้ำผลไม้
0,อยากกินน้ำมะพร้าว มีอยู่ตรงไหน,น้ำผลไม้
0,ซื้อน้ำมะพร้าวที่ไหนได้บ้าง,น้ำผลไม้
0,บอกร้านที่ขายน้ำลิ้นจี่ทั้งหมด,น้ำผลไม้
0,ร้านน้ำลิ้นจี่มีที่ไหนบ้าง,น้ำผลไม้
0,ร้านที่ขายน้ำลิ้นจี่อยู่ตรงไหนบ้าง,น้ำผลไม้
0,อยากกินน้ำลิ้นจี่ มีอยู่ตรงไหน,น้ำผลไม้
0,ซื้อน้ำลิ้นจี่ที่ไหนได้บ้าง,น้ำผลไม้
0,บอกร้านที่ขายกล้วยปั่นทั้งหมด,น้ำผลไม้
0,ร้านกล้วยปั่นมีที่ไหนบ้าง,น้ำผลไม้
0,ร้านที่ขายกล้วยปั่นอยู่ตรงไหนบ้าง,น้ำผลไม้
0,อยากกินกล้วยปั่น มีอยู่ตรงไหน,น้ำผลไม้
0,ซื้อกล้วยปั่นที่ไหนได้บ้าง,น้ำผลไม้
0,บอกร้านที่ขายอะโวคาโดปั่นทั้งหมด,น้ำผลไม้
0,ร้านอะโวคาโดปั่นมีที่ไหนบ้าง,น้ำผลไม้
0,ร้านที่ขายอะโวคาโดปั่นอยู่ตรงไหนบ้าง,น้ำผลไม้
0,อยากกินอะโวคาโดปั่น มีอยู่ตรงไหน,น้ำผลไม้
0,ซื้ออะโวคาโดปั่นที่ไหนได้บ้าง,น้ำผลไม้
0,บอกร้านที่ขายแตงโมปั่นทั้งหมด,น้ำผลไม้
0,ร้านแตงโมปั่นมีที่ไหนบ้าง,น้ำผลไม้
0,ร้านที่ขายแตงโมปั่นอยู่ตรงไหนบ้าง,น้ำผลไม้
0,อยากกินแตงโมปั่น มีอยู่ตรงไหน,น้ำผลไม้
0,ซื้อแตงโมปั่นที่ไหนได้บ้าง,น้ำผลไม้
0,บอกร้านที่ขายน้ำเงาะทั้งหมด,น้ำผลไม้
0,ร้านน้ำเงาะมีที่ไหนบ้าง,น้ำผลไม้
0,ร้านที่ขายน้ำเงาะอยู่ตรงไหนบ้าง,น้ำผลไม้
0,อยากกินน้ำเงาะ มีอยู่ตรงไหน,น้ำผลไม้
0,ซื้อน้ำเงาะที่ไหนได้บ้าง,น้ำผลไม้
0,บอกร้านที่ขายน้ำสตรอเบอร์รี่ทั้งหมด,น้ำผลไม้
0,ร้านน้ำสตรอเบอร์รี่ที่ไหนบ้าง,น้ำผลไม้
0,ร้านที่ขายน้ำสตรอเบอร์รี่อยู่ตรงไหนบ้าง,น้ำผลไม้
0,อยากกินน้ำสตรอเบอร์รี่ มีอยู่ตรงไหน,น้ำผลไม้
0,ซื้อน้ำสตรอเบอร์รี่ที่ไหนได้บ้าง,น้ำผลไม้
0,น้ำส้มที่ไหนอร่อย,น้ำผลไม้ร้านไหนอร่อย
0,แนะนำร้านน้ำส้ม,น้ำผลไม้ร้านไหนอร่อย
0,น้ำส้มร้านเด็ด,น้ำผลไม้ร้านไหนอร่อย
0,น้ำมะนาวที่ไหนอร่อย,น้ำผลไม้ร้านไหนอร่อย
0,แนะนำร้านน้ำมะนาว,น้ำผลไม้ร้านไหนอร่อย
0,น้ำมะนาวร้านเด็ด,น้ำผลไม้ร้านไหนอร่อย
0,น้ำสับปะรดที่ไหนอร่อย,น้ำผลไม้ร้านไหนอร่อย
0,แนะนำร้านน้ำสับปะรด,น้ำผลไม้ร้านไหนอร่อย
0,น้ำสับปะรดร้านเด็ด,น้ำผลไม้ร้านไหนอร่อย
0,น้ำฟรุตพั้นช์ที่ไหนอร่อย,น้ำผลไม้ร้านไหนอร่อย
0,แนะนำร้านน้ำฟรุตพั้นช์,น้ำผลไม้ร้านไหนอร่อย
0,น้ำฟรุตพั้นช์ร้านเด็ด,น้ำผลไม้ร้านไหนอร่อย
0,น้ำลำไยที่ไหนอร่อย,น้ำผลไม้ร้านไหนอร่อย
0,แนะนำร้านน้ำลำไย,น้ำผลไม้ร้านไหนอร่อย
0,น้ำลำไยร้านเด็ด,น้ำผลไม้ร้านไหนอร่อย
0,น้ำมะพร้าวที่ไหนอร่อย,น้ำผลไม้ร้านไหนอร่อย
0,แนะนำร้านน้ำมะพร้าว,น้ำผลไม้ร้านไหนอร่อย
0,น้ำมะพร้าวร้านเด็ด,น้ำผลไม้ร้านไหนอร่อย
0,น้ำลิ้นจี่ที่ไหนอร่อย,น้ำผลไม้ร้านไหนอร่อย
0,แนะนำร้านน้ำลิ้นจี่,น้ำผลไม้ร้านไหนอร่อย
0,น้ำลิ้นจี่ร้านเด็ด,น้ำผลไม้ร้านไหนอร่อย
0,กล้วยปั่นที่ไหนอร่อย,น้ำผลไม้ร้านไหนอร่อย
0,แนะนำร้านกล้วยปั่น,น้ำผลไม้ร้านไหนอร่อย
0,กล้วยปั่นร้านเด็ด,น้ำผลไม้ร้านไหนอร่อย
0,อะโวคาโดปั่นที่ไหนอร่อย,น้ำผลไม้ร้านไหนอร่อย
0,แนะนำร้านอะโวคาโดปั่น,น้ำผลไม้ร้านไหนอร่อย
0,อะโวคาโดปั่นร้านเด็ด,น้ำผลไม้ร้านไหนอร่อย
0,แตงโมปั่นที่ไหนอร่อย,น้ำผลไม้ร้านไหนอร่อย
0,แนะนำร้านแตงโมปั่น,น้ำผลไม้ร้านไหนอร่อย
0,แตงโมปั่นร้านเด็ด,น้ำผลไม้ร้านไหนอร่อย
0,มะม่วงปั่นที่ไหนอร่อย,น้ำผลไม้ร้านไหนอร่อย
0,แนะนำร้านมะม่วงปั่น,น้ำผลไม้ร้านไหนอร่อย
0,มะม่วงปั่นร้านเด็ด,น้ำผลไม้ร้านไหนอร่อย
0,น้ำเงาะร้านเด็ด,น้ำผลไม้ร้านไหนอร่อย
0,น้ำสตรอเบอร์รี่ที่ไหนอร่อย,น้ำผลไม้ร้านไหนอร่อย
0,แนะนำร้านน้ำสตรอเบอร์,น้ำผลไม้ร้านไหนอร่อย
0,น้ำสตรอเบอร์ร้านเด็ด,น้ำผลไม้ร้านไหนอร่อย
1,บอกร้านที่ขายเครปทั้งหมด,เครป
1,ร้านเครปมีที่ไหนบ้าง,เครป
1,ร้านที่ขายเครปอยู่ตรงไหนบ้าง,เครป
1,อยากกินเครป มีอยู่ตรงไหน,เครป
1,ซื้อเครปที่ไหนได้บ้าง,เครป
1,บอกร้านที่ขายเครปร้อนทั้งหมด,เครป
1,ร้านเครปร้อนมีที่ไหนบ้าง,เครป
1,ร้านที่ขายเครปร้อนอยู่ตรงไหนบ้าง,เครป
1,อยากกินเครปร้อน มีอยู่ตรงไหน,เครป
1,ซื้อเครปร้อนที่ไหนได้บ้าง,เครป
1,บอกร้านที่ขายเครปเย็นทั้งหมด,เครป
1,ร้านเครปเย็นมีที่ไหนบ้าง,เครป
1,ร้านที่ขายเครปเย็นอยู่ตรงไหนบ้าง,เครป
1,อยากกินเครปเย็น มีอยู่ตรงไหน,เครป
1,ซื้อเครปเย็นที่ไหนได้บ้าง,เครป
1,บอกร้านที่ขายเครปพิซซ่าทั้งหมด,เครป
1,ร้านเครปพิซซ่ามีที่ไหนบ้าง,เครป
1,ร้านที่ขายเครปพิซซ่า มีอยู่ตรงไหนบ้าง,เครป
1,อยากกินเครปพิซซ่า มีอยู่ตรงไหน,เครป
1,ซื้อเเครปพิซซ่าที่ไหนได้บ้าง,เครป
1,บอกร้านที่ขายเครปกล้วยหอมนูเทลล่าทั้งหมด,เครป
1,ร้านเครปกล้วยหอมนูเทลล่ามีที่ไหนบ้าง,เครป
1,ร้านที่ขายเครปกล้วยหอมนูเทลล่าอยู่ตรงไหนบ้าง,เครป
1,อยากกินเครปกล้วยหอมนูเทลล่า มีอยู่ตรงไหน,เครป
1,ซื้อเครปกล้วยหอมนูเทลล่าที่ไหนได้บ้าง,เครป
1,บอกร้านที่ขายเครปฝอยทองทั้งหมด,เครป
1,ร้านเครปฝอยทองมีที่ไหนบ้าง,เครป
1,ร้านที่ขายเครปฝอยทองอยู่ตรงไหนบ้าง,เครป
1,อยากกินเครปฝอยทอง มีอยู่ตรงไหน,เครป
1,ซื้อเครปฝอยทองที่ไหนได้บ้าง,เครป
1,เครปที่ไหนอร่อย,เครปร้านไหนอร่อย
1,แนะนำร้านเครป,เครปร้านไหนอร่อย
1,เครปร้านเด็ด,เครปร้านไหนอร่อย
1,เครปร้อนที่ไหนอร่อย,เครปร้านไหนอร่อย
1,แนะนำร้านเครปร้อน,เครปร้านไหนอร่อย
1,เครปร้อนร้านเด็ด,เครปร้านไหนอร่อย
1,เครปเย็นที่ไหนอร่อย,เครปร้านไหนอร่อย
1,แนะนำร้านเครปเย็น,เครปร้านไหนอร่อย
1,เครปเย็นร้านเด็ด,เครปร้านไหนอร่อย
1,เครปพิซซ่าที่ไหนอร่อย,เครปร้านไหนอร่อย
1,แนะนำร้านเครปพิซซ่า,เครปร้านไหนอร่อย
1,เครปพิซซ่าร้านเด็ด,เครปร้านไหนอร่อย
1,เครปกล้วยหอมนูเทลล่าที่ไหนอร่อย,เครปร้านไหนอร่อย
1,แนะนำร้านเครปกล้วยหอมนูเทลล่า,เครปร้านไหนอร่อย
1,เครปกล้วยหอมนูเทลล่าร้านเด็ด,เครปร้านไหนอร่อย
1,เครปฝอยทองที่ไหนอร่อย,เครปร้านไหนอร่อย
1,แนะนำร้านเครปฝอยทอง,เครปร้านไหนอร่อย
1,เครปฝอยทองร้านเด็ด,เครปร้านไหนอร่อย
2,บอกร้านที่ขายฝอยทองทั้งหมด,ขนมไทย
2,ร้านฝอยทองมีที่ไหนบ้าง,ขนมไทย
2,ร้านที่ขายฝอยทองอยู่ตรงไหนบ้าง,ขนมไทย
2,อยากกินฝอยทอง มีอยู่ตรงไหน,ขนมไทย
2,ซื้อฝอยทองที่ไหนได้บ้าง,ขนมไทย
2,บอกร้านที่ขายทองหยิบทั้งหมด,ขนมไทย
2,ร้านทองหยิบมีที่ไหนบ้าง,ขนมไทย
2,ร้านที่ขายทองหยิบอยู่ตรงไหนบ้าง,ขนมไทย
2,อยากกินทองหยิบ มีอยู่ตรงไหน,ขนมไทย
2,ซื้อทองหยิบที่ไหนได้บ้าง,ขนมไทย
2,บอกร้านที่ขายทองหยอดทั้งหมด,ขนมไทย
2,ร้านทองหยอดมีที่ไหนบ้าง,ขนมไทย
2,ร้านที่ขายทองหยอดอยู่ตรงไหนบ้าง,ขนมไทย
2,อยากกินทองหยอด มีอยู่ตรงไหน,ขนมไทย
2,ซื้อทองหยอดที่ไหนได้บ้าง,ขนมไทย
2,บอกร้านที่ขายไข่เต่าทั้งหมด,ขนมไทย
2,ร้านไข่เต่ามีที่ไหนบ้าง,ขนมไทย
2,ร้านที่ขายไข่เต่าอยู่ตรงไหนบ้าง,ขนมไทย
2,อยากกินไข่เต่า มีอยู่ตรงไหน,ขนมไทย
2,ซื้อไข่เต่าที่ไหนได้บ้าง,ขนมไทย
2,บอกร้านที่ขายขนมเบื้องทั้งหมด,ขนมไทย
2,ร้านขนมเบื้องมีที่ไหนบ้าง,ขนมไทย
2,ร้านที่ขายขนมเบื้องอยู่ตรงไหนบ้าง,ขนมไทย
2,อยากกินขนมเบื้อง มีอยู่ตรงไหน,ขนมไทย
2,ซื้อขนมเบื้องที่ไหนได้บ้าง,ขนมไทย
2,บอกร้านที่ขายบ้าบิ่นทั้งหมด,ขนมไทย
2,ร้านบ้าบิ่นมีที่ไหนบ้าง,ขนมไทย
2,ร้านที่ขายบ้าบิ่นอยู่ตรงไหนบ้าง,ขนมไทย
2,อยากกินบ้าบิ่น มีอยู่ตรงไหน,ขนมไทย
2,ซื้อบ้าบิ่นที่ไหนได้บ้าง,ขนมไทย
2,บอกร้านที่ขายกล้วยทอดทั้งหมด,ขนมไทย
2,ร้านกล้วยทอดมีที่ไหนบ้าง,ขนมไทย
2,ร้านที่ขายกล้วยทอดอยู่ตรงไหนบ้าง,ขนมไทย
2,อยากกินกล้วยทอด มีอยู่ตรงไหน,ขนมไทย
2,ซื้อกล้วยทอดที่ไหนได้บ้าง,ขนมไทย
2,บอกร้านที่ขายฟักทองทอดทั้งหมด,ขนมไทย
2,ร้านฟักทองทอดมีที่ไหนบ้าง,ขนมไทย
2,ร้านที่ขายฟักทองทอดอยู่ตรงไหนบ้าง,ขนมไทย
2,อยากกินฟักทองทอด มีอยู่ตรงไหน,ขนมไทย
2,ซื้อกฟักทองทอดที่ไหนได้บ้าง,ขนมไทย
2,บอกร้านที่ขายมันทอดทั้งหมด,ขนมไทย
2,ร้านมันทอดมีที่ไหนบ้าง,ขนมไทย
2,ร้านที่ขายมันทอดอยู่ตรงไหนบ้าง,ขนมไทย
2,อยากกินมันทอด มีอยู่ตรงไหน,ขนมไทย
2,ซื้อมันทอดที่ไหนได้บ้าง,ขนมไทย
2,ฝอยทองที่ไหนอร่อย,ขนมไทยร้านไหนอร่อย
2,แนะนำร้านฝอยทอง,ขนมไทยร้านไหนอร่อย
2,ฝอยทองร้านเด็ด,ขนมไทยร้านไหนอร่อย
2,ทองหยิบที่ไหนอร่อย,ขนมไทยร้านไหนอร่อย
2,แนะนำร้านทองหยิบ,ขนมไทยร้านไหนอร่อย
2,ทองหยิบร้านเด็ด,ขนมไทยร้านไหนอร่อย
2,ทองหยอดที่ไหนอร่อย,ขนมไทยร้านไหนอร่อย
2,แนะนำร้านทองหยอด,ขนมไทยร้านไหนอร่อย
2,ทองหยอดร้านเด็ด,ขนมไทยร้านไหนอร่อย
2,ไข่เต่าที่ไหนอร่อย,ขนมไทยร้านไหนอร่อย
2,แนะนำร้านไข่เต่า,ขนมไทยร้านไหนอร่อย
2,ไข่เต่าร้านเด็ด,ขนมไทยร้านไหนอร่อย
2,ขนมเบื้องที่ไหนอร่อย,ขนมไทยร้านไหนอร่อย
2,แนะนำร้านขนมเบื้อง,ขนมไทยร้านไหนอร่อย
2,ขนมเบื้องร้านเด็ด,ขนมไทยร้านไหนอร่อย
2,บ้าบิ่นที่ไหนอร่อย,ขนมไทยร้านไหนอร่อย
2,แนะนำร้านบ้าบิ่น,ขนมไทยร้านไหนอร่อย
2,บ้าบิ่นร้านเด็ด,ขนมไทยร้านไหนอร่อย
2,กล้วยทอดที่ไหนอร่อย,ขนมไทยร้านไหนอร่อย
2,แนะนำร้านกล้วยทอด,ขนมไทยร้านไหนอร่อย
2,กล้วยทอดร้านเด็ด,ขนมไทยร้านไหนอร่อย
2,ฟักทองทอดที่ไหนอร่อย,ขนมไทยร้านไหนอร่อย
2,แนะนำร้านฟักทองทอด,ขนมไทยร้านไหนอร่อย
2,ฟักทองทอดร้านเด็ด,ขนมไทยร้านไหนอร่อย
2,มันทอดที่ไหนอร่อย,ขนมไทยร้านไหนอร่อย
2,แนะนำร้านมันทอด,ขนมไทยร้านไหนอร่อย
2,มันทอดร้านเด็ด,ขนมไทยร้านไหนอร่อย
3,บอกร้านที่ขายเค้กหน้านิ่มทั้งหมด,เค้ก
3,ร้านเค้กหน้านิ่มมีที่ไหนบ้าง,เค้ก
3,ร้านที่ขายเค้กหน้านิ่มอยู่ตรงไหนบ้าง,เค้ก
3,อยากกินเค้กหน้านิ่ม มีอยู่ตรงไหน,เค้ก
3,ซื้อเค้กหน้านิ่มที่ไหนได้บ้าง,เค้ก
3,บอกร้านที่ขายชีสเค้กทั้งหมด,เค้ก
3,ร้านชีสเค้กมีที่ไหนบ้าง,เค้ก
3,ร้านที่ขายชีสเค้กอยู่ตรงไหนบ้าง,เค้ก
3,อยากกินชีสเค้ก มีอยู่ตรงไหน,เค้ก
3,ซื้อชีสเค้กที่ไหนได้บ้าง,เค้ก
3,บอกร้านที่ขายคุกกี้ทั้งหมด,เค้ก
3,ร้านคุกกี้มีที่ไหนบ้าง,เค้ก
3,ร้านที่ขายคุกกี้อยู่ตรงไหนบ้าง,เค้ก
3,อยากกินคุกกี้ มีอยู่ตรงไหน,เค้ก
3,ซื้อคุกกี้ที่ไหนได้บ้าง,เค้ก
3,บอกร้านที่ขายแพนเค้กทั้งหมด,เค้ก
3,ร้านแพนเค้กมีที่ไหนบ้าง,เค้ก
3,ร้านที่ขายแพนเค้กอยู่ตรงไหนบ้าง,เค้ก
3,อยากกินแพนเค้ก มีอยู่ตรงไหน,เค้ก
3,ซื้อแพนเค้กที่ไหนได้บ้าง,เค้ก
3,เค้กหน้านิ่มที่ไหนอร่อย,ร้านเค้กที่ไหนอร่อย
3,แนะนำร้านเค้กหน้านิ่ม,ร้านเค้กที่ไหนอร่อย
3,เค้กหน้านิ่มร้านเด็ด,ร้านเค้กที่ไหนอร่อย
3,ชีสเค้กที่ไหนอร่อย,ร้านเค้กที่ไหนอร่อย
3,แนะนำร้านชีสเค้กหน้านิ่ม,ร้านเค้กที่ไหนอร่อย
3,ชีสเค้กร้านเด็ด,ร้านเค้กที่ไหนอร่อย
3,คุกกี้ที่ไหนอร่อย,ร้านเค้กที่ไหนอร่อย
3,แนะนำร้านคุกกี้,ร้านเค้กที่ไหนอร่อย
3,คุกกี้ร้านเด็ด,ร้านเค้กที่ไหนอร่อย
3,แพนเค้กที่ไหนอร่อย,ร้านเค้กที่ไหนอร่อย
3,แนะนำร้านแพนเค้ก,ร้านเค้กที่ไหนอร่อย
3,แพนเค้กร้านเด็ด,ร้านเค้กที่ไหนอร่อย
4,บอกร้านที่ขายไอศกรีมทั้งหมด,ไอศกรีม
4,ร้านไอศกรีมมีที่ไหนบ้าง,ไอศกรีม
4,ร้านที่ขายไอศกรีมอยู่ตรงไหนบ้าง,ไอศกรีม
4,อยากกินไอศกรีมมีอยู่ตรงไหน,ไอศกรีม
4,ซื้อไอศกรีมที่ไหนได้บ้าง,ไอศกรีม
4,บอกร้านที่ขายไอศกรีมโคนทั้งหมด,ไอศกรีม
4,ร้านไอศกรีมโคนที่ไหนบ้าง,ไอศกรีม
4,ร้านที่ขายไอศกรีมโคนอยู่ตรงไหนบ้าง,ไอศกรีม
4,อยากกินไอศกรีมโคนมีอยู่ตรงไหน,ไอศกรีม
4,ซื้อไอศกรีมโคนไหนได้บ้าง,ไอศกรีม
4,บอกร้านที่ขายไอศกรีมแท่งทั้งหมด,ไอศกรีม
4,ร้านไอศกรีมแท่งที่ไหนบ้าง,ไอศกรีม
4,ร้านที่ขายไอศกรีมแท่งอยู่ตรงไหนบ้าง,ไอศกรีม
4,อยากกินไอศกรีมแท่งมีอยู่ตรงไหน,ไอศกรีม
4,ซื้อไอศกรีมแท่งไหนได้บ้าง,ไอศกรีม
4,ไอศกรีมที่ไหนอร่อย,ไอศกรีมร้านไหนอร่อย
4,แนะนำร้านไอศกรีม,ไอศกรีมร้านไหนอร่อย
4,ไอศกรีมร้านเด็ด,ไอศกรีมร้านไหนอร่อย
4,ไอศกรีมโคนที่ไหนอร่อย,ไอศกรีมร้านไหนอร่อย
4,แนะนำร้านไอศกรีมโคน,ไอศกรีมร้านไหนอร่อย
4,ไอศกรีมโคนร้านเด็ด,ไอศกรีมร้านไหนอร่อย
4,ไอศกรีมแท่งที่ไหนอร่อย,ไอศกรีมร้านไหนอร่อย
4,แนะนำร้านไอศกรีมแท่ง,ไอศกรีมร้านไหนอร่อย
4,ไอศกรีมแท่งร้านเด็ด,ไอศกรีมร้านไหนอร่อย
5,บอกร้านที่ขายน้ำแข็งไสทั้งหมด,น้ำแข็งไส
5,ร้านน้ำแข็งไสมีที่ไหนบ้าง,น้ำแข็งไส
5,ร้านที่ขายน้ำแข็งไสอยู่ตรงไหนบ้าง,น้ำแข็งไส
5,อยากกินน้ำแข็งไส มีอยู่ตรงไหน,น้ำแข็งไส
5,ซื้อน้ำแข็งไสที่ไหนได้บ้าง,น้ำแข็งไส
5,บอกร้านที่ขายปังเย็นทั้งหมด,น้ำแข็งไส
5,ร้านปังเย็นมีที่ไหนบ้าง,น้ำแข็งไส
5,ร้านที่ขายปังเย็นอยู่ตรงไหนบ้าง,น้ำแข็งไส
5,อยากกินปังเย็นมีอยู่ตรงไหน,น้ำแข็งไส
5,ซื้อปังเย็นที่ไหนได้บ้าง,น้ำแข็งไส
5,น้ำแข็งไสที่ไหนอร่อย,น้ำแข็งไสที่ไหนอร่อย
5,แนะนำร้านน้ำแข็งไส,น้ำแข็งไสที่ไหนอร่อย
5,น้ำแข็งไสร้านเด็ด,น้ำแข็งไสที่ไหนอร่อย
5,ปังเย็นที่ไหนอร่อย,น้ำแข็งไสที่ไหนอร่อย
5,แนะนำร้านปังเย็น,น้ำแข็งไสที่ไหนอร่อย
5,ปังเย็นร้านเด็ด,น้ำแข็งไสที่ไหนอร่อย
6,บอกร้านที่ขายโรตีทั้งหมด,โรตี
6,ร้านโรตีมีที่ไหนบ้าง,โรตี
6,ร้านที่ขายโรตีอยู่ตรงไหนบ้าง,โรตี
6,อยากกินโรตี มีอยู่ตรงไหน,โรตี
6,ซื้อโรตีที่ไหนได้บ้าง,โรตี
6,บอกร้านที่ขายโรตีมะตะบะทั้งหมด,โรตี
6,ร้านโรตีมะตะบะมีที่ไหนบ้าง,โรตี
6,ร้านที่ขายโรตีมะตะบะอยู่ตรงไหนบ้าง,โรตี
6,อยากกินโรตีมะตะบะ มีอยู่ตรงไหน,โรตี
6,ซื้อโรตีมะตะบะที่ไหนได้บ้าง,โรตี
6,บอกร้านที่ขายโรตีกลมทั้งหมด,โรตี
6,ร้านโรตีกลมที่ไหนบ้าง,โรตี
6,ร้านที่ขายโรตีกลมยู่ตรงไหนบ้าง,โรตี
6,อยากกินโรตีกลม มีอยู่ตรงไหน,โรตี
6,ซื้อโรตีกลมที่ไหนได้บ้าง,โรตี
6,โรตีที่ไหนอร่อย,โรตี
6,แนะนำร้านโรตี,โรตี
6,โรตีร้านเด็ด,โรตี
6,โรตีมะตะบะที่ไหนอร่อย,โรตี
6,แนะนำร้านโรตีมะตะบะ,โรตี
6,โรตีมะตะบะร้านเด็ด,โรตี
6,โรตีกลมที่ไหนอร่อย,โรตี
6,แนะนำร้านโรตีกลม,โรตี
6,โรตีกลมร้านเด็ด,โรตี
7,บอกร้านที่ขายกาแฟทั้งหมด,กาแฟ
7,ร้านกาแฟมีที่ไหนบ้าง,กาแฟ
7,ร้านที่ขายกาแฟอยู่ตรงไหนบ้าง,กาแฟ
7,อยากกินกาแฟมีอยู่ตรงไหน,กาแฟ
7,ซื้อกาแฟที่ไหนได้บ้าง,กาแฟ
7,บอกร้านที่ขายมอคค่าทั้งหมด,กาแฟ
7,ร้านมอคค่ามีที่ไหนบ้าง,กาแฟ
7,ร้านที่ขายมอคค่าอยู่ตรงไหนบ้าง,กาแฟ
7,อยากกินมอคค่ามีอยู่ตรงไหน,กาแฟ
7,ซื้อมอคค่าที่ไหนได้บ้าง,กาแฟ
7,บอกร้านที่ขายคาปูชิโนทั้งหมด,กาแฟ
7,ร้านคาปูชิโนมีที่ไหนบ้าง,กาแฟ
7,ร้านที่ขายคาปูชิโนอยู่ตรงไหนบ้าง,กาแฟ
7,อยากกินคาปูชิโนมีอยู่ตรงไหน,กาแฟ
7,ซื้อคาปูชิโนที่ไหนได้บ้าง,กาแฟ
7,บอกร้านที่ขายลาเต้ทั้งหมด,กาแฟ
7,ร้านลาเต้มีที่ไหนบ้าง,กาแฟ
7,ร้านที่ขายลาเต้อยู่ตรงไหนบ้าง,กาแฟ
7,อยากกินลาเต้มีอยู่ตรงไหน,กาแฟ
7,ซื้อลาเต้ที่ไหนได้บ้าง,กาแฟ
7,บอกร้านที่ขายอเมริกาโน่ทั้งหมด,กาแฟ
7,ร้านอเมริกาโน่มีที่ไหนบ้าง,กาแฟ
7,ร้านที่ขายอเมริกาโน่อยู่ตรงไหนบ้าง,กาแฟ
7,อยากกินอเมริกาโน่มีอยู่ตรงไหน,กาแฟ
7,ซื้ออเมริกาโน่ที่ไหนได้บ้าง,กาแฟ
7,กาแฟที่ไหนอร่อย,กาแฟที่ไหนอร่อย
7,แนะนำร้านกาแฟ,กาแฟที่ไหนอร่อย
7,กาแฟร้านเด็ด,กาแฟที่ไหนอร่อย
7,มอคค่าที่ไหนอร่อย,กาแฟที่ไหนอร่อย
7,แนะนำร้านมอคค่า,กาแฟที่ไหนอร่อย
7,มอคค่าร้านเด็ด,กาแฟที่ไหนอร่อย
7,คาปูชิโนที่ไหนอร่อย,กาแฟที่ไหนอร่อย
7,แนะนำร้านคาปูชิโน,กาแฟที่ไหนอร่อย
7,คาปูชิโนร้านเด็ด,กาแฟที่ไหนอร่อย
7,ลาเต้ที่ไหนอร่อย,กาแฟที่ไหนอร่อย
7,แนะนำร้านลาเต้,กาแฟที่ไหนอร่อย
7,ลาเต้ร้านเด็ด,กาแฟที่ไหนอร่อย
7,อเมริกาโน่ที่ไหนอร่อย,กาแฟที่ไหนอร่อย
7,แนะนำร้านอเมริกาโน่,กาแฟที่ไหนอร่อย
7,อเมริกาโน่ร้านเด็ด,กาแฟที่ไหนอร่อย
8,บอกร้านที่ขายขนมปังทั้งหมด,ขนมปัง
8,ร้านขนมปังมีที่ไหนบ้าง,ขนมปัง
8,ร้านที่ขายขนมปังอยู่ตรงไหนบ้าง,ขนมปัง
8,อยากกินขนมปัง มีอยู่ตรงไหน,ขนมปัง
8,ซื้อขนมปังที่ไหนได้บ้าง,ขนมปัง
8,บอกร้านที่ขายครัวซองทั้งหมด,ขนมปัง
8,ร้านครัวซองมีที่ไหนบ้าง,ขนมปัง
8,ร้านที่ขายครัวซองอยู่ตรงไหนบ้าง,ขนมปัง
8,อยากกินครัวซอง มีอยู่ตรงไหน,ขนมปัง
8,ซื้อขนมครัวซองที่ไหนได้บ้าง,ขนมปัง
8,บอกร้านที่ขายแซนวิชทั้งหมด,ขนมปัง
8,ร้านแซนวิชมีที่ไหนบ้าง,ขนมปัง
8,ร้านที่ขายแซนวิชยู่ตรงไหนบ้าง,ขนมปัง
8,อยากกินแซนวิช มีอยู่ตรงไหน,ขนมปัง
8,ซื้อขนมแซนวิชที่ไหนได้บ้าง,ขนมปัง
8,ขนมปังที่ไหนอร่อย,ขนมปังที่ไหนอร่อย
8,แนะนำร้านขนมปัง,ขนมปังที่ไหนอร่อย
8,ขนมปังร้านเด็ด,ขนมปังที่ไหนอร่อย
8,แซนวิชที่ไหนอร่อย,ขนมปังที่ไหนอร่อย
8,แนะนำร้านแซนวิช,ขนมปังที่ไหนอร่อย
8,แซนวิชร้านเด็ด,ขนมปังที่ไหนอร่อย
8,ครัวซองที่ไหนอร่อย,ขนมปังที่ไหนอร่อย
8,แนะนำร้านครัวซอง,ขนมปังที่ไหนอร่อย
8,ครัวซองร้านเด็ด,ขนมปังที่ไหนอร่อย
9,บอกร้านที่ขายผลไม้ทั้งหมด,ผลไม้
9,ร้านผลไม้มีที่ไหนบ้าง,ผลไม้
9,ร้านที่ขายผลไม้อยู่ตรงไหนบ้าง,ผลไม้
9,อยากกินผลไม้มีอยู่ตรงไหน,ผลไม้
9,ซื้อผลไม้ที่ไหนได้บ้าง,ผลไม้
9,บอกร้านที่ขายชมพู่ทั้งหมด,ผลไม้
9,ร้านชมพู่มีที่ไหนบ้าง,ผลไม้
9,ร้านที่ขายชมพู่อยู่ตรงไหนบ้าง,ผลไม้
9,อยากกินชมพู่มีอยู่ตรงไหน,ผลไม้
9,ซื้อชมพู่ที่ไหนได้บ้าง,ผลไม้
9,บอกร้านที่ขายแอปเปิลทั้งหมด,ผลไม้
9,ร้านแอปเปิลมีที่ไหนบ้าง,ผลไม้
9,ร้านที่ขายแอปเปิลอยู่ตรงไหนบ้าง,ผลไม้
9,อยากกินแอปเปิลมีอยู่ตรงไหน,ผลไม้
9,ซื้อแอปเปิลที่ไหนได้บ้าง,ผลไม้
9,บอกร้านที่ขายกล้วยทั้งหมด,ผลไม้
9,ร้านกล้วยมีที่ไหนบ้าง,ผลไม้
9,ร้านที่ขายกล้วยอยู่ตรงไหนบ้าง,ผลไม้
9,อยากกินกล้วยมีอยู่ตรงไหน,ผลไม้
9,ซื้อกล้วยที่ไหนได้บ้าง,ผลไม้
9,บอกร้านที่ขายสับปะรดทั้งหมด,ผลไม้
9,ร้านสับปะรดมีที่ไหนบ้าง,ผลไม้
9,ร้านที่ขายสับปะรดอยู่ตรงไหนบ้าง,ผลไม้
9,อยากกินสับปะรดมีอยู่ตรงไหน,ผลไม้
9,ซื้อสับปะรดที่ไหนได้บ้าง,ผลไม้
9,บอกร้านที่ขายมะม่วงทั้งหมด,ผลไม้
9,ร้านมะม่วงมีที่ไหนบ้าง,ผลไม้
9,ร้านที่ขายมะม่วงอยู่ตรงไหนบ้าง,ผลไม้
9,อยากกินมะม่วงมีอยู่ตรงไหน,ผลไม้
9,ซื้อมะม่วงที่ไหนได้บ้าง,ผลไม้
9,บอกร้านที่ขายแตงโมทั้งหมด,ผลไม้
9,ร้านแตงโมมีที่ไหนบ้าง,ผลไม้
9,ร้านที่ขายแตงโมอยู่ตรงไหนบ้าง,ผลไม้
9,อยากกินแตงโมมีอยู่ตรงไหน,ผลไม้
9,ซื้อแตงโมที่ไหนได้บ้าง,ผลไม้
9,ผลไม้ที่ไหนอร่อย,ผลไม้ที่ไหนอร่อย
9,แนะนำร้านผลไม้,ผลไม้ที่ไหนอร่อย
9,ผลไม้ร้านเด็ด,ผลไม้ที่ไหนอร่อย
9,ชมพู่ที่ไหนอร่อย,ผลไม้ที่ไหนอร่อย
9,แนะนำร้านชมพู่,ผลไม้ที่ไหนอร่อย
9,ชมพู่ร้านเด็ด,ผลไม้ที่ไหนอร่อย
9,แอปเปิลที่ไหนอร่อย,ผลไม้ที่ไหนอร่อย
9,แนะนำร้านแอปเปิล,ผลไม้ที่ไหนอร่อย
9,แอปเปิลร้านเด็ด,ผลไม้ที่ไหนอร่อย
9,กล้วยที่ไหนอร่อย,ผลไม้ที่ไหนอร่อย
9,แนะนำร้านกล้วย,ผลไม้ที่ไหนอร่อย
9,กล้วยร้านเด็ด,ผลไม้ที่ไหนอร่อย
9,สับปะรดที่ไหนอร่อย,ผลไม้ที่ไหนอร่อย
9,แนะนำร้านสับปะรด,ผลไม้ที่ไหนอร่อย
9,สับปะรดร้านเด็ด,ผลไม้ที่ไหนอร่อย
9,แตงโมที่ไหนอร่อย,ผลไม้ที่ไหนอร่อย
9,แนะนำร้านแตงโม,ผลไม้ที่ไหนอร่อย
9,แตงโมร้านเด็ด,ผลไม้ที่ไหนอร่อย
9,มะม่วงที่ไหนอร่อย,ผลไม้ที่ไหนอร่อย
9,แนะนำร้านมะม่วง,ผลไม้ที่ไหนอร่อย
9,มะม่วงร้านเด็ด,ผลไม้ที่ไหนอร่อย